{
  "model": "neuroflow-tcn",
  "label": "label_combined",
  "test_raw": {
    "n": 8824,
    "prevalence": 0.21373526745240254,
    "auroc": 0.8125281809769731,
    "auprc": 0.5638094227045753,
    "brier": 0.17684235953916116,
    "mean_pred": 0.4097005764021625
  },
  "test_calibrated": {
    "auroc": 0.8109176811308891,
    "auprc": 0.5389364906565441,
    "brier": 0.13299796619680262,
    "mean_pred": 0.1631787102760515,
    "calibration_curve": {
      "prob_true": [
        0.06169265033407573,
        0.23144784639335755,
        0.35286284953395475,
        0.41843971631205673,
        0.5555555555555556,
        0.6097560975609756,
        0.6825396825396826,
        0.7795698924731183,
        0.9285714285714286
      ],
      "prob_pred": [
        0.045091966817358706,
        0.14012563722392793,
        0.24046730459057486,
        0.36424687607867334,
        0.43158756414426747,
        0.5633580974480846,
        0.6176995472993784,
        0.7234220838914531,
        0.9203761114835536
      ]
    },
    "note": "AUROC/AUPRC unchanged by monotonic calibration; Brier improves."
  },
  "conformal": {
    "target_coverage": 0.9,
    "empirical_coverage_test": 0.9584088848594742,
    "mean_interval_width": 0.9405062401727187
  },
  "early_warning": {
    "threshold": 0.16140350877192983,
    "n_eligible_stays": 829,
    "n_warned_in_advance": 642,
    "pct_warned_in_advance": 0.7744270205066345,
    "median_lead_hours": 20.0,
    "mean_lead_hours": 22.57165109034268,
    "max_lead_hours": 61.0,
    "event": "first antipsychotic administration (timestamped); ICD-only positives have no onset time and are excluded"
  },
  "ablation": {
    "tcn": {
      "auroc": 0.8125281809769731,
      "auprc": 0.5638094227045753
    },
    "lstm": {
      "auroc": 0.7910817887992635,
      "auprc": 0.5416161777647713
    },
    "logreg_vitals": {
      "auroc": 0.6898794106381412,
      "auprc": 0.3485281405657662
    },
    "xgboost_engineered": {
      "auroc": 0.804355888712233,
      "auprc": 0.5503772043324883
    }
  },
  "subgroups": {
    "icu_unit_type": {
      "Cardiac": {
        "n": 2744,
        "prevalence": 0.15269679300291544,
        "auroc": 0.8274206379757232,
        "auprc": 0.49084580201710665
      },
      "Medical": {
        "n": 1175,
        "prevalence": 0.2995744680851064,
        "auroc": 0.7417206312824477,
        "auprc": 0.5227889775265505
      },
      "Mixed Med/Surg": {
        "n": 955,
        "prevalence": 0.2554973821989529,
        "auroc": 0.7961627585252818,
        "auprc": 0.571894546465512
      },
      "Neuro": {
        "n": 2211,
        "prevalence": 0.19086386250565354,
        "auroc": 0.8348153142294008,
        "auprc": 0.573311237934574
      },
      "Other": {
        "n": 81,
        "prevalence": 0.35802469135802467,
        "auroc": 0.7884615384615385,
        "auprc": 0.6960205737341152
      },
      "Surgical": {
        "n": 732,
        "prevalence": 0.21448087431693988,
        "auroc": 0.7954693990584326,
        "auprc": 0.5076124667596387
      },
      "Trauma": {
        "n": 926,
        "prevalence": 0.2840172786177106,
        "auroc": 0.7894264462146368,
        "auprc": 0.5825372708381314
      }
    },
    "age_group": {
      "50-64": {
        "n": 2555,
        "prevalence": 0.1917808219178082,
        "auroc": 0.8199827049463854,
        "auprc": 0.5058268916152645
      },
      "65-79": {
        "n": 3276,
        "prevalence": 0.2090964590964591,
        "auroc": 0.8076894471880485,
        "auprc": 0.5418384398473103
      },
      "80+": {
        "n": 1446,
        "prevalence": 0.2766251728907331,
        "auroc": 0.7991049235181644,
        "auprc": 0.6158452914591614
      },
      "<50": {
        "n": 1547,
        "prevalence": 0.20103425985778928,
        "auroc": 0.8078283853109816,
        "auprc": 0.49507052294356807
      }
    },
    "ventilation_proxy": {
      "Not ventilated (proxy)": {
        "n": 7408,
        "prevalence": 0.19546436285097193,
        "auroc": 0.8131074682969336,
        "auprc": 0.5325418034670416
      },
      "Ventilated (proxy)": {
        "n": 1416,
        "prevalence": 0.3093220338983051,
        "auroc": 0.7585616438356164,
        "auprc": 0.5459559877181159
      }
    }
  },
  "eicu": {
    "n": 132900,
    "prevalence": 0.05021068472535741,
    "auroc": 0.644037196368236,
    "auprc": 0.07721969925438761,
    "brier_raw": 0.0763412597128727,
    "brier_calibrated": 0.04804597938013806
  },
  "eicu_ablation": {
    "tcn": {
      "auroc": 0.644037196368236,
      "auprc": 0.07721969925438761
    },
    "xgboost_engineered": {
      "auroc": 0.6339850491237535,
      "auprc": 0.07696318296735084
    }
  }
}